¤¿,¤À,¤Á,¤Â,¤Ã,¤Ä,¤Å,¤Æ,¤Ó,,,,,,,,,,,,,,,,,,,,,,,,,,,,,,,,,,,,,,,,,,,,,,,,,,,,,,,,,,,,,,,,,,,,,,,,,,,,,,,,,,,,
,,,,,,,,,,,,,,,,,,,,,,,,,,,,,,,,,,,,,,,,,,,,,,,,,,,,,,,,,,,,,,,,,,,,,,,,,,,,,,,,,,,,,,,,,,,,
°¡,°³,°¼,°Â,°Å,°Ô,°Ü,°è,±â, , , , , , , , , ,,,,,,,,,,,,,,,,,,,,,,,,,,,,,,,,,,,,,,,,,,,,,,,,,,,,,,,,,,,,,,,,,,,,,,,,,,,
,,,,,,,,,,,,,,,,,,,,,,,,,,,,,,,,,,,,,,,,,,,,,,,,,,,,,,,,,,,,,,,,,,,,,,,,,,,,,,,,,,,,,,,,,,,,
±î,±ú,²¥, ,²¨,²²,²¸,²¾,³¢, , , , , , , , ,,,,,,,,,,,,,,,,,,,,,,,,,,,,,,,,,,,,,,,,,,,,,,,,,,,,,,,,,,,,,,,,,,,,,,,,,,,,
,,,,,,,,,,,,,,,,,,,,,,,,,,,,,,,,,,,,,,,,,,,,,,,,,,,,,,,,,,,,,,,,,,,,,,,,,,,,,,,,,,,,,,,,,,,,
³ª,³»,³Ä, ,³Ê,³×,³à,³é,´Ï, , , , , , , , ,,,,,,,,,,,,,,,,,,,,,,,,,,,,,,,,,,,,,,,,,,,,,,,,,,,,,,,,,,,,,,,,,,,,,,,,,,,,
,,,,,,,,,,,,,,,,,,,,,,,,,,,,,,,,,,,,,,,,,,,,,,,,,,,,,,,,,,,,,,,,,,,,,,,,,,,,,,,,,,,,,,,,,,,,
´Ù,´ë,´ô, ,´õ,µ¥,µ®,µ³,µð, , , , , , , , ,,,,,,,,,,,,,,,,,,,,,,,,,,,,,,,,,,,,,,,,,,,,,,,,,,,,,,,,,,,,,,,,,,,,,,,,,,,,
,,,,,,,,,,,,,,,,,,,,,,,,,,,,,,,,,,,,,,,,,,,,,,,,,,,,,,,,,,,,,,,,,,,,,,,,,,,,,,,,,,,,,,,,,,,,
µû,¶§, , ,¶°,¶¼,¶Å, ,¶ì, , , , , , ,,,,,,,,,,,,,,,,,,,,,,,,,,,,,,,,,,,,,,,,,,,,,,,,,,,,,,,,,,,,,,,,,,,,,,,,,,,,,,
,,,,,,,,,,,,,,,,,,,,,,,,,,,,,,,,,,,,,,,,,,,,,,,,,,,,,,,,,,,,,,,,,,,,,,,,,,,,,,,,,,,,,,,,,,,,
¶ó,·¡,·ª, ,·¯,·¹,·Á,·Ê,¸®, , , , , , , , ,,,,,,,,,,,,,,,,,,,,,,,,,,,,,,,,,,,,,,,,,,,,,,,,,,,,,,,,,,,,,,,,,,,,,,,,,,,,
,,,,,,,,,,,,,,,,,,,,,,,,,,,,,,,,,,,,,,,,,,,,,,,,,,,,,,,,,,,,,,,,,,,,,,,,,,,,,,,,,,,,,,,,,,,,
¸¶,¸Å,¸Ï, ,¸Ó,¸Þ,¸ç,¸ï,¹Ì, , , , , , , , ,,,,,,,,,,,,,,,,,,,,,,,,,,,,,,,,,,,,,,,,,,,,,,,,,,,,,,,,,,,,,,,,,,,,,,,,,,,,
,,,,,,,,,,,,,,,,,,,,,,,,,,,,,,,,,,,,,,,,,,,,,,,,,,,,,,,,,,,,,,,,,,,,,,,,,,,,,,,,,,,,,,,,,,,,
¹Ù,¹è,¹ò, ,¹ö,º£,º­,º¶,ºñ, , , , , , , , ,,,,,,,,,,,,,,,,,,,,,,,,,,,,,,,,,,,,,,,,,,,,,,,,,,,,,,,,,,,,,,,,,,,,,,,,,,,,
,,,,,,,,,,,,,,,,,,,,,,,,,,,,,,,,,,,,,,,,,,,,,,,,,,,,,,,,,,,,,,,,,,,,,,,,,,,,,,,,,,,,,,,,,,,,
ºü,»©,»², ,»µ,»¾,»À, ,»ß, , , , , , , ,,,,,,,,,,,,,,,,,,,,,,,,,,,,,,,,,,,,,,,,,,,,,,,,,,,,,,,,,,,,,,,,,,,,,,,,,,,,,
,,,,,,,,,,,,,,,,,,,,,,,,,,,,,,,,,,,,,,,,,,,,,,,,,,,,,,,,,,,,,,,,,,,,,,,,,,,,,,,,,,,,,,,,,,,,
»ç,»õ,»þ,¼¨,¼­,¼¼,¼Å,¼Î,½Ã, , , , , , , , , ,,,,,,,,,,,,,,,,,,,,,,,,,,,,,,,,,,,,,,,,,,,,,,,,,,,,,,,,,,,,,,,,,,,,,,,,,,,
,,,,,,,,,,,,,,,,,,,,,,,,,,,,,,,,,,,,,,,,,,,,,,,,,,,,,,,,,,,,,,,,,,,,,,,,,,,,,,,,,,,,,,,,,,,,
½Î,½Ø, , ,½á,½ê, , ,¾¾, , , , , ,,,,,,,,,,,,,,,,,,,,,,,,,,,,,,,,,,,,,,,,,,,,,,,,,,,,,,,,,,,,,,,,,,,,,,,,,,,,,,,
,,,,,,,,,,,,,,,,,,,,,,,,,,,,,,,,,,,,,,,,,,,,,,,,,,,,,,,,,,,,,,,,,,,,,,,,,,,,,,,,,,,,,,,,,,,,
¾Æ,¾Ö,¾ß,¾ê,¾î,¿¡,¿©,¿¹,ÀÌ, , , , , , , , , ,,,,,,,,,,,,,,,,,,,,,,,,,,,,,,,,,,,,,,,,,,,,,,,,,,,,,,,,,,,,,,,,,,,,,,,,,,,
,,,,,,,,,,,,,,,,,,,,,,,,,,,,,,,,,,,,,,,,,,,,,,,,,,,,,,,,,,,,,,,,,,,,,,,,,,,,,,,,,,,,,,,,,,,,
ÀÚ,Àç,Àð,À÷,Àú,Á¦,Á®,Áµ,Áö, , , , , , , , , ,,,,,,,,,,,,,,,,,,,,,,,,,,,,,,,,,,,,,,,,,,,,,,,,,,,,,,,,,,,,,,,,,,,,,,,,,,,
,,,,,,,,,,,,,,,,,,,,,,,,,,,,,,,,,,,,,,,,,,,,,,,,,,,,,,,,,,,,,,,,,,,,,,,,,,,,,,,,,,,,,,,,,,,,
Â¥,Â°,Â¹, ,Â¼,ÂÅ,ÂÇ, ,Âî, , , , , , , ,,,,,,,,,,,,,,,,,,,,,,,,,,,,,,,,,,,,,,,,,,,,,,,,,,,,,,,,,,,,,,,,,,,,,,,,,,,,,
,,,,,,,,,,,,,,,,,,,,,,,,,,,,,,,,,,,,,,,,,,,,,,,,,,,,,,,,,,,,,,,,,,,,,,,,,,,,,,,,,,,,,,,,,,,,
Â÷,Ã¤,Ã­, ,Ã³,Ã¼,ÃÄ,ÃÇ,Ä¡, , , , , , , , ,,,,,,,,,,,,,,,,,,,,,,,,,,,,,,,,,,,,,,,,,,,,,,,,,,,,,,,,,,,,,,,,,,,,,,,,,,,,
,,,,,,,,,,,,,,,,,,,,,,,,,,,,,,,,,,,,,,,,,,,,,,,,,,,,,,,,,,,,,,,,,,,,,,,,,,,,,,,,,,,,,,,,,,,,
Ä«,Ä³,Ä¼, ,Ä¿,ÄÉ,ÄÑ,ÄÙ,Å°, , , , , , , , ,,,,,,,,,,,,,,,,,,,,,,,,,,,,,,,,,,,,,,,,,,,,,,,,,,,,,,,,,,,,,,,,,,,,,,,,,,,,
,,,,,,,,,,,,,,,,,,,,,,,,,,,,,,,,,,,,,,,,,,,,,,,,,,,,,,,,,,,,,,,,,,,,,,,,,,,,,,,,,,,,,,,,,,,,
Å¸,ÅÂ,ÅË, ,ÅÍ,Å×,Åß,Åâ,Æ¼, , , , , , , , ,,,,,,,,,,,,,,,,,,,,,,,,,,,,,,,,,,,,,,,,,,,,,,,,,,,,,,,,,,,,,,,,,,,,,,,,,,,,
,,,,,,,,,,,,,,,,,,,,,,,,,,,,,,,,,,,,,,,,,,,,,,,,,,,,,,,,,,,,,,,,,,,,,,,,,,,,,,,,,,,,,,,,,,,,
ÆÄ,ÆÐ,ÆÙ, ,ÆÛ,Æä,Æì,Æó,ÇÇ, , , , , , , , ,,,,,,,,,,,,,,,,,,,,,,,,,,,,,,,,,,,,,,,,,,,,,,,,,,,,,,,,,,,,,,,,,,,,,,,,,,,,
,,,,,,,,,,,,,,,,,,,,,,,,,,,,,,,,,,,,,,,,,,,,,,,,,,,,,,,,,,,,,,,,,,,,,,,,,,,,,,,,,,,,,,,,,,,,
ÇÏ,ÇØ,Çá, ,Çã,Çì,Çô,Çý,È÷, , , , , , , , ,,,,,,,,,,,,,,,,,,,,,,,,,,,,,,,,,,,,,,,,,,,,,,,,,,,,,,,,,,,,,,,,,,,,,,,,,,,,
,,,,,,,,,,,,,,,,,,,,,,,,,,,,,,,,,,,,,,,,,,,,,,,,,,,,,,,,,,,,,,,,,,,,,,,,,,,,,,,,,,,,,,,,,,,,
=,=,=,=,=,=,=,=,=,=,=,=,=,=,=,=,=,=,=,=,=,=,=,=,=,=,=,=,=,=,=,=,=,=,=,=,=,=,=,=,,,,,,,,,,,,,,,,,,,,,,,,,,,,,,,,,,,,,,,,,,,,,,,,,,,,,
,,,,,,,,,,,,,,,,,,,,,,,,,,,,,,,,,,,,,,,,,,,,,,,,,,,,,,,,,,,,,,,,,,,,,,,,,,,,,,,,,,,,,,,,,,,,
¤Ç,¤Ë,¤Ì,¤Ð,¤Ñ,,,,,,,,,,,,,,,,,,,,,,,,,,,,,,,,,,,,,,,,,,,,,,,,,,,,,,,,,,,,,,,,,,,,,,,,,,,,,,,,,,,,,,,,
,,,,,,,,,,,,,,,,,,,,,,,,,,,,,,,,,,,,,,,,,,,,,,,,,,,,,,,,,,,,,,,,,,,,,,,,,,,,,,,,,,,,,,,,,,,,
°í,±³,±¸,±Ô,±×, , , , , , , , , ,,,,,,,,,,,,,,,,,,,,,,,,,,,,,,,,,,,,,,,,,,,,,,,,,,,,,,,,,,,,,,,,,,,,,,,,,,,,,,,
,,,,,,,,,,,,,,,,,,,,,,,,,,,,,,,,,,,,,,,,,,,,,,,,,,,,,,,,,,,,,,,,,,,,,,,,,,,,,,,,,,,,,,,,,,,,
²¿,²Ø,²Ù,²ó,²ô, , , , , , , , , ,,,,,,,,,,,,,,,,,,,,,,,,,,,,,,,,,,,,,,,,,,,,,,,,,,,,,,,,,,,,,,,,,,,,,,,,,,,,,,,
,,,,,,,,,,,,,,,,,,,,,,,,,,,,,,,,,,,,,,,,,,,,,,,,,,,,,,,,,,,,,,,,,,,,,,,,,,,,,,,,,,,,,,,,,,,,
³ë,´¢,´©,´º,´À, , , , , , , , , ,,,,,,,,,,,,,,,,,,,,,,,,,,,,,,,,,,,,,,,,,,,,,,,,,,,,,,,,,,,,,,,,,,,,,,,,,,,,,,,
,,,,,,,,,,,,,,,,,,,,,,,,,,,,,,,,,,,,,,,,,,,,,,,,,,,,,,,,,,,,,,,,,,,,,,,,,,,,,,,,,,,,,,,,,,,,
µµ,µÍ,µÎ,µà,µå, , , , , , , , , ,,,,,,,,,,,,,,,,,,,,,,,,,,,,,,,,,,,,,,,,,,,,,,,,,,,,,,,,,,,,,,,,,,,,,,,,,,,,,,,
,,,,,,,,,,,,,,,,,,,,,,,,,,,,,,,,,,,,,,,,,,,,,,,,,,,,,,,,,,,,,,,,,,,,,,,,,,,,,,,,,,,,,,,,,,,,
¶Ç, ,¶Ñ, ,¶ß, , , , , , , ,,,,,,,,,,,,,,,,,,,,,,,,,,,,,,,,,,,,,,,,,,,,,,,,,,,,,,,,,,,,,,,,,,,,,,,,,,,,,,,,,
,,,,,,,,,,,,,,,,,,,,,,,,,,,,,,,,,,,,,,,,,,,,,,,,,,,,,,,,,,,,,,,,,,,,,,,,,,,,,,,,,,,,,,,,,,,,
·Î,·á,·ç,·ù,¸£, , , , , , , , , ,,,,,,,,,,,,,,,,,,,,,,,,,,,,,,,,,,,,,,,,,,,,,,,,,,,,,,,,,,,,,,,,,,,,,,,,,,,,,,,
,,,,,,,,,,,,,,,,,,,,,,,,,,,,,,,,,,,,,,,,,,,,,,,,,,,,,,,,,,,,,,,,,,,,,,,,,,,,,,,,,,,,,,,,,,,,
¸ð,¹¦,¹«,¹Â,¹Ç, , , , , , , , , ,,,,,,,,,,,,,,,,,,,,,,,,,,,,,,,,,,,,,,,,,,,,,,,,,,,,,,,,,,,,,,,,,,,,,,,,,,,,,,,
,,,,,,,,,,,,,,,,,,,,,,,,,,,,,,,,,,,,,,,,,,,,,,,,,,,,,,,,,,,,,,,,,,,,,,,,,,,,,,,,,,,,,,,,,,,,
º¸,ºÌ,ºÎ,ºä,ºê, , , , , , , , , ,,,,,,,,,,,,,,,,,,,,,,,,,,,,,,,,,,,,,,,,,,,,,,,,,,,,,,,,,,,,,,,,,,,,,,,,,,,,,,,
,,,,,,,,,,,,,,,,,,,,,,,,,,,,,,,,,,,,,,,,,,,,,,,,,,,,,,,,,,,,,,,,,,,,,,,,,,,,,,,,,,,,,,,,,,,,
»Ç,»Ï,»Ñ,»Ø,»Ú, , , , , , , , , ,,,,,,,,,,,,,,,,,,,,,,,,,,,,,,,,,,,,,,,,,,,,,,,,,,,,,,,,,,,,,,,,,,,,,,,,,,,,,,,
,,,,,,,,,,,,,,,,,,,,,,,,,,,,,,,,,,,,,,,,,,,,,,,,,,,,,,,,,,,,,,,,,,,,,,,,,,,,,,,,,,,,,,,,,,,,
¼Ò,¼î,¼ö,½´,½º, , , , , , , , , ,,,,,,,,,,,,,,,,,,,,,,,,,,,,,,,,,,,,,,,,,,,,,,,,,,,,,,,,,,,,,,,,,,,,,,,,,,,,,,,
,,,,,,,,,,,,,,,,,,,,,,,,,,,,,,,,,,,,,,,,,,,,,,,,,,,,,,,,,,,,,,,,,,,,,,,,,,,,,,,,,,,,,,,,,,,,
½î,¾¤,¾¥, ,¾², , , , , , , , ,,,,,,,,,,,,,,,,,,,,,,,,,,,,,,,,,,,,,,,,,,,,,,,,,,,,,,,,,,,,,,,,,,,,,,,,,,,,,,,,
,,,,,,,,,,,,,,,,,,,,,,,,,,,,,,,,,,,,,,,,,,,,,,,,,,,,,,,,,,,,,,,,,,,,,,,,,,,,,,,,,,,,,,,,,,,,
¿À,¿ä,¿ì,À¯,À¸, , , , , , , , , ,,,,,,,,,,,,,,,,,,,,,,,,,,,,,,,,,,,,,,,,,,,,,,,,,,,,,,,,,,,,,,,,,,,,,,,,,,,,,,,
,,,,,,,,,,,,,,,,,,,,,,,,,,,,,,,,,,,,,,,,,,,,,,,,,,,,,,,,,,,,,,,,,,,,,,,,,,,,,,,,,,,,,,,,,,,,
Á¶,ÁÒ,ÁÖ,Áê,Áî, , , , , , , , , ,,,,,,,,,,,,,,,,,,,,,,,,,,,,,,,,,,,,,,,,,,,,,,,,,,,,,,,,,,,,,,,,,,,,,,,,,,,,,,,
,,,,,,,,,,,,,,,,,,,,,,,,,,,,,,,,,,,,,,,,,,,,,,,,,,,,,,,,,,,,,,,,,,,,,,,,,,,,,,,,,,,,,,,,,,,,
ÂÉ, ,ÂÞ,Âé,Âê, , , , , , , , ,,,,,,,,,,,,,,,,,,,,,,,,,,,,,,,,,,,,,,,,,,,,,,,,,,,,,,,,,,,,,,,,,,,,,,,,,,,,,,,,
,,,,,,,,,,,,,,,,,,,,,,,,,,,,,,,,,,,,,,,,,,,,,,,,,,,,,,,,,,,,,,,,,,,,,,,,,,,,,,,,,,,,,,,,,,,,
ÃÊ,ÃÝ,Ãß,Ãò,Ã÷, , , , , , , , , ,,,,,,,,,,,,,,,,,,,,,,,,,,,,,,,,,,,,,,,,,,,,,,,,,,,,,,,,,,,,,,,,,,,,,,,,,,,,,,,
,,,,,,,,,,,,,,,,,,,,,,,,,,,,,,,,,,,,,,,,,,,,,,,,,,,,,,,,,,,,,,,,,,,,,,,,,,,,,,,,,,,,,,,,,,,,
ÄÚ,Äì,Äí,Å¥,Å©, , , , , , , , , ,,,,,,,,,,,,,,,,,,,,,,,,,,,,,,,,,,,,,,,,,,,,,,,,,,,,,,,,,,,,,,,,,,,,,,,,,,,,,,,
,,,,,,,,,,,,,,,,,,,,,,,,,,,,,,,,,,,,,,,,,,,,,,,,,,,,,,,,,,,,,,,,,,,,,,,,,,,,,,,,,,,,,,,,,,,,
Åä,Åô,Åõ,Æ©,Æ®, , , , , , , , , ,,,,,,,,,,,,,,,,,,,,,,,,,,,,,,,,,,,,,,,,,,,,,,,,,,,,,,,,,,,,,,,,,,,,,,,,,,,,,,,
,,,,,,,,,,,,,,,,,,,,,,,,,,,,,,,,,,,,,,,,,,,,,,,,,,,,,,,,,,,,,,,,,,,,,,,,,,,,,,,,,,,,,,,,,,,,
Æ÷,Ç¥,Çª,Ç»,ÇÁ, , , , , , , , , ,,,,,,,,,,,,,,,,,,,,,,,,,,,,,,,,,,,,,,,,,,,,,,,,,,,,,,,,,,,,,,,,,,,,,,,,,,,,,,,
,,,,,,,,,,,,,,,,,,,,,,,,,,,,,,,,,,,,,,,,,,,,,,,,,,,,,,,,,,,,,,,,,,,,,,,,,,,,,,,,,,,,,,,,,,,,
È£,È¿,ÈÄ,ÈÞ,Èå, , , , , , , , , ,,,,,,,,,,,,,,,,,,,,,,,,,,,,,,,,,,,,,,,,,,,,,,,,,,,,,,,,,,,,,,,,,,,,,,,,,,,,,,,
,,,,,,,,,,,,,,,,,,,,,,,,,,,,,,,,,,,,,,,,,,,,,,,,,,,,,,,,,,,,,,,,,,,,,,,,,,,,,,,,,,,,,,,,,,,,
=,=,=,=,=,=,=,=,=,=,=,=,=,=,=,=,=,=,=,=,=,=,=,=,=,=,=,=,=,=,=,=,=,=,=,=,=,=,=,=,,,,,,,,,,,,,,,,,,,,,,,,,,,,,,,,,,,,,,,,,,,,,,,,,,,,,
,,,,,,,,,,,,,,,,,,,,,,,,,,,,,,,,,,,,,,,,,,,,,,,,,,,,,,,,,,,,,,,,,,,,,,,,,,,,,,,,,,,,,,,,,,,,
¤È,¤É,¤Ê,¤Í,¤Î,¤Ï,¤Ò,,,,,,,,,,,,,,,,,,,,,,,,,,,,,,,,,,,,,,,,,,,,,,,,,,,,,,,,,,,,,,,,,,,,,,,,,,,,,,,,,,,,,,
,,,,,,,,,,,,,,,,,,,,,,,,,,,,,,,,,,,,,,,,,,,,,,,,,,,,,,,,,,,,,,,,,,,,,,,,,,,,,,,,,,,,,,,,,,,,
°ú,±¥,±«,±Å,±Ë,±Í,±á, , , , , , , , , ,,,,,,,,,,,,,,,,,,,,,,,,,,,,,,,,,,,,,,,,,,,,,,,,,,,,,,,,,,,,,,,,,,,,,,,,,,,,,
,,,,,,,,,,,,,,,,,,,,,,,,,,,,,,,,,,,,,,,,,,,,,,,,,,,,,,,,,,,,,,,,,,,,,,,,,,,,,,,,,,,,,,,,,,,,
²Ê,²Ï,²Ò,²ã,²ç,²î, , , , , , , , , ,,,,,,,,,,,,,,,,,,,,,,,,,,,,,,,,,,,,,,,,,,,,,,,,,,,,,,,,,,,,,,,,,,,,,,,,,,,,,,
,,,,,,,,,,,,,,,,,,,,,,,,,,,,,,,,,,,,,,,,,,,,,,,,,,,,,,,,,,,,,,,,,,,,,,,,,,,,,,,,,,,,,,,,,,,,
³ö, ,³ú,´²,´´,´µ,´Ì, , , , , , , , ,,,,,,,,,,,,,,,,,,,,,,,,,,,,,,,,,,,,,,,,,,,,,,,,,,,,,,,,,,,,,,,,,,,,,,,,,,,,,,
,,,,,,,,,,,,,,,,,,,,,,,,,,,,,,,,,,,,,,,,,,,,,,,,,,,,,,,,,,,,,,,,,,,,,,,,,,,,,,,,,,,,,,,,,,,,
µÂ,µÅ,µÇ,µÖ,µØ,µÚ,µï, , , , , , , , , ,,,,,,,,,,,,,,,,,,,,,,,,,,,,,,,,,,,,,,,,,,,,,,,,,,,,,,,,,,,,,,,,,,,,,,,,,,,,,
,,,,,,,,,,,,,,,,,,,,,,,,,,,,,,,,,,,,,,,,,,,,,,,,,,,,,,,,,,,,,,,,,,,,,,,,,,,,,,,,,,,,,,,,,,,,
¶Ì,¶Î,¶Ï, ,¶Ø,¶Ù,¶ç, , , , , , , , ,,,,,,,,,,,,,,,,,,,,,,,,,,,,,,,,,,,,,,,,,,,,,,,,,,,,,,,,,,,,,,,,,,,,,,,,,,,,,,
,,,,,,,,,,,,,,,,,,,,,,,,,,,,,,,,,,,,,,,,,,,,,,,,,,,,,,,,,,,,,,,,,,,,,,,,,,,,,,,,,,,,,,,,,,,,
·Ö, ,·Ú,·ï,·ñ,·ò, , , , , , , , ,,,,,,,,,,,,,,,,,,,,,,,,,,,,,,,,,,,,,,,,,,,,,,,,,,,,,,,,,,,,,,,,,,,,,,,,,,,,,,,
,,,,,,,,,,,,,,,,,,,,,,,,,,,,,,,,,,,,,,,,,,,,,,,,,,,,,,,,,,,,,,,,,,,,,,,,,,,,,,,,,,,,,,,,,,,,
¸ú, ,¸þ,¹¹,¹¾,¹¿, , , , , , , , ,,,,,,,,,,,,,,,,,,,,,,,,,,,,,,,,,,,,,,,,,,,,,,,,,,,,,,,,,,,,,,,,,,,,,,,,,,,,,,,
,,,,,,,,,,,,,,,,,,,,,,,,,,,,,,,,,,,,,,,,,,,,,,,,,,,,,,,,,,,,,,,,,,,,,,,,,,,,,,,,,,,,,,,,,,,,
ºÁ,ºÄ,ºÆ,ºÛ,ºÞ,ºß, , , , , , , , , ,,,,,,,,,,,,,,,,,,,,,,,,,,,,,,,,,,,,,,,,,,,,,,,,,,,,,,,,,,,,,,,,,,,,,,,,,,,,,,
,,,,,,,,,,,,,,,,,,,,,,,,,,,,,,,,,,,,,,,,,,,,,,,,,,,,,,,,,,,,,,,,,,,,,,,,,,,,,,,,,,,,,,,,,,,,
 , ,»Î, , , , , , , ,,,,,,,,,,,,,,,,,,,,,,,,,,,,,,,,,,,,,,,,,,,,,,,,,,,,,,,,,,,,,,,,,,,,,,,,,,,,,,,,,,,
,,,,,,,,,,,,,,,,,,,,,,,,,,,,,,,,,,,,,,,,,,,,,,,,,,,,,,,,,,,,,,,,,,,,,,,,,,,,,,,,,,,,,,,,,,,,
¼Ý,¼â,¼è,½¤,½¦,½¬, , , , , , , , , ,,,,,,,,,,,,,,,,,,,,,,,,,,,,,,,,,,,,,,,,,,,,,,,,,,,,,,,,,,,,,,,,,,,,,,,,,,,,,,
,,,,,,,,,,,,,,,,,,,,,,,,,,,,,,,,,,,,,,,,,,,,,,,,,,,,,,,,,,,,,,,,,,,,,,,,,,,,,,,,,,,,,,,,,,,,
½÷,½û,½ý,¾¬,¾®,¾¯,¾º, , , , , , , , , ,,,,,,,,,,,,,,,,,,,,,,,,,,,,,,,,,,,,,,,,,,,,,,,,,,,,,,,,,,,,,,,,,,,,,,,,,,,,,
,,,,,,,,,,,,,,,,,,,,,,,,,,,,,,,,,,,,,,,,,,,,,,,,,,,,,,,,,,,,,,,,,,,,,,,,,,,,,,,,,,,,,,,,,,,,
¿Í,¿Ö,¿Ü,¿ö,¿þ,À§,ÀÇ, , , , , , , , , ,,,,,,,,,,,,,,,,,,,,,,,,,,,,,,,,,,,,,,,,,,,,,,,,,,,,,,,,,,,,,,,,,,,,,,,,,,,,,
,,,,,,,,,,,,,,,,,,,,,,,,,,,,,,,,,,,,,,,,,,,,,,,,,,,,,,,,,,,,,,,,,,,,,,,,,,,,,,,,,,,,,,,,,,,,
ÁÂ,ÁÈ,ÁË,Áà,Áâ,Áã, , , , , , , , , ,,,,,,,,,,,,,,,,,,,,,,,,,,,,,,,,,,,,,,,,,,,,,,,,,,,,,,,,,,,,,,,,,,,,,,,,,,,,,,
,,,,,,,,,,,,,,,,,,,,,,,,,,,,,,,,,,,,,,,,,,,,,,,,,,,,,,,,,,,,,,,,,,,,,,,,,,,,,,,,,,,,,,,,,,,,
ÂÒ,ÂÖ,ÂØ,Âå, ,Âè, , , , , , , , ,,,,,,,,,,,,,,,,,,,,,,,,,,,,,,,,,,,,,,,,,,,,,,,,,,,,,,,,,,,,,,,,,,,,,,,,,,,,,,,
,,,,,,,,,,,,,,,,,,,,,,,,,,,,,,,,,,,,,,,,,,,,,,,,,,,,,,,,,,,,,,,,,,,,,,,,,,,,,,,,,,,,,,,,,,,,
ÃÒ, ,ÃÖ,Ãç,Ãé,Ãë, , , , , , , , ,,,,,,,,,,,,,,,,,,,,,,,,,,,,,,,,,,,,,,,,,,,,,,,,,,,,,,,,,,,,,,,,,,,,,,,,,,,,,,,
,,,,,,,,,,,,,,,,,,,,,,,,,,,,,,,,,,,,,,,,,,,,,,,,,,,,,,,,,,,,,,,,,,,,,,,,,,,,,,,,,,,,,,,,,,,,
Äâ,Äè,Äê,Äõ,Äù,Äû, , , , , , , , , ,,,,,,,,,,,,,,,,,,,,,,,,,,,,,,,,,,,,,,,,,,,,,,,,,,,,,,,,,,,,,,,,,,,,,,,,,,,,,,
,,,,,,,,,,,,,,,,,,,,,,,,,,,,,,,,,,,,,,,,,,,,,,,,,,,,,,,,,,,,,,,,,,,,,,,,,,,,,,,,,,,,,,,,,,,,
Åí,Åï,Åð,Åý,Æ¡,Æ¢,Æ·, , , , , , , , , ,,,,,,,,,,,,,,,,,,,,,,,,,,,,,,,,,,,,,,,,,,,,,,,,,,,,,,,,,,,,,,,,,,,,,,,,,,,,,
,,,,,,,,,,,,,,,,,,,,,,,,,,,,,,,,,,,,,,,,,,,,,,,,,,,,,,,,,,,,,,,,,,,,,,,,,,,,,,,,,,,,,,,,,,,,
Ç¡, ,Ç£,Ç´, ,Ç¶, , , , , , , ,,,,,,,,,,,,,,,,,,,,,,,,,,,,,,,,,,,,,,,,,,,,,,,,,,,,,,,,,,,,,,,,,,,,,,,,,,,,,,,,
,,,,,,,,,,,,,,,,,,,,,,,,,,,,,,,,,,,,,,,,,,,,,,,,,,,,,,,,,,,,,,,,,,,,,,,,,,,,,,,,,,,,,,,,,,,,
È­,È³,È¸,ÈÌ,ÈÑ,ÈÖ,Èñ, , , , , , , , , ,,,,,,,,,,,,,,,,,,,,,,,,,,,,,,,,,,,,,,,,,,,,,,,,,,,,,,,,,,,,,,,,,,,,,,,,,,,,,
,,,,,,,,,,,,,,,,,,,,,,,,,,,,,,,,,,,,,,,,,,,,,,,,,,,,,,,,,,,,,,,,,,,,,,,,,,,,,,,,,,,,,,,,,,,,
=,=,=,=,=,=,=,=,=,=,=,=,=,=,=,=,=,=,=,=,=,=,=,=,=,=,=,=,=,=,=,=,=,=,=,=,=,=,=,=,,,,,,,,,,,,,,,,,,,,,,,,,,,,,,,,,,,,,,,,,,,,,,,,,,,,,
,,,,,,,,,,,,,,,,,,,,,,,,,,,,,,,,,,,,,,,,,,,,,,,,,,,,,,,,,,,,,,,,,,,,,,,,,,,,,,,,,,,,,,,,,,,,
¤¿,¤À,¤Á,¤Â,¤Ã,¤Ä,¤Å,¤Æ,¤Ó,,¤¥,¤´,¤¬,¤£,,,,,,,,,,,,,,,,,,,,,,,,,,,,,,,,,,,,,,,,,,,,,,,,,,,,,,,,,,,,,,,,,,,,,,,,,,,,,,,
,,,,,,,,,,,,,,,,,,,,,,,,,,,,,,,,,,,,,,,,,,,,,,,,,,,,,,,,,,,,,,,,,,,,,,,,,,,,,,,,,,,,,,,,,,,,
°¢,°£,°¤,°¥,°¦,°§,°¨,°©,°ª,°«,°¬,°­,°®,°¯,°°,°±,°²,°´,°µ,°¶,°·,°¸,°¹,°º,°»,°½,°¾,°¿,°À,°Á,°Ã,°Ä,°Æ,°Ç,°È,°É,°Ê,°Ë,°Ì,°Í,°Î,°Ï,°Ð,°Ñ,°Ò,°Ó,°Õ,°Ö,°×,°Ø,°Ù,°Ú,°Û,°Ý,°Þ,°ß,°à,°á,°â,°ã,°ä,°å,°æ,°ç,°é,°ê,°ë,°ì,±ã,±ä,±å,±æ,±ç,±è,±é,±ê,±ë,±ì,±í,,,,,,,,,,,,,,
,,,,,,,,,,,,,,,,,,,,,,,,,,,,,,,,,,,,,,,,,,,,,,,,,,,,,,,,,,,,,,,,,,,,,,,,,,,,,,,,,,,,,,,,,,,,
±ï,±ð,±ñ,±ò,±ó,±ô,±õ,±ö,±÷,±ø,±ù,±û,±ü,±ý,±þ,²¡,²¢,²£,²¤,²¦,²§,²©,²ª,²«,²¬,²­,²®,²¯,²°,²±,²³,²´,²µ,²¶,²·,²¹,²º,²»,²¼,²½,³£,³¤,³¥,³¦,³§,³¨,³©,,,,,,,,,,,,,,,,,,,,,,,,,,,,,,,,,,,,,,,,,,,,,,
,,,,,,,,,,,,,,,,,,,,,,,,,,,,,,,,,,,,,,,,,,,,,,,,,,,,,,,,,,,,,,,,,,,,,,,,,,,,,,,,,,,,,,,,,,,,
³«,³¬,³­,³®,³¯,³°,³±,³²,³³,³´,³µ,³¶,³·,³¸,³¹,³º,³¼,³½,³¾,³¿,³À,³Á,³Â,³Ã,³Å,³Æ,³Ç,³È,³É,³Ë,³Ì,³Í,³Î,³Ï,³Ð,³Ñ,³Ò,³Ó,³Ô,³Õ,³Ö,³Ø,³Ù,³Ú,³Û,³Ü,³Ý,³Þ,³ß,³á,³â,³ã,³ä,³å,³æ,³ç,³è,³ê,´Ð,´Ñ,´Ò,´Ó,´Ô,´Õ,´Ö,´×,´Ø,,,,,,,,,,,,,,,,,,,,,,,,,,
,,,,,,,,,,,,,,,,,,,,,,,,,,,,,,,,,,,,,,,,,,,,,,,,,,,,,,,,,,,,,,,,,,,,,,,,,,,,,,,,,,,,,,,,,,,,
´Ú,´Û,´Ü,´Ý,´Þ,´ß,´à,´á,´â,´ã,´ä,´å,´æ,´ç,´è,´é,´ê,´ì,´í,´î,´ï,´ð,´ñ,´ò,´ó,´ö,´÷,´ø,´ù,´ú,´û,´ü,´ý,´þ,µ¡,µ¢,µ£,µ¤,µ¦,µ§,µ¨,µ©,µª,µ«,µ¬,µ­,µ¯,µ°,µ±,µ²,µ´,µñ,µò,µó,µô,µõ,µö,µ÷,µø,µù,µú,,,,,,,,,,,,,,,,,,,,,,,,,,,,,,,,
,,,,,,,,,,,,,,,,,,,,,,,,,,,,,,,,,,,,,,,,,,,,,,,,,,,,,,,,,,,,,,,,,,,,,,,,,,,,,,,,,,,,,,,,,,,,
µü,µý,µþ,¶¡,¶¢,¶£,¶¤,¶¥,¶¦,¶¨,¶©,¶ª,¶«,¶¬,¶­,¶®,¶¯,¶±,¶²,¶³,¶´,¶µ,¶¶,¶·,¶¸,¶¹,¶º,¶»,¶½,¶¾,¶¿,¶À,¶Á,¶Â,¶Ã,¶Ä,¶Æ,¶í,¶î,¶ï,¶ð,¶ñ,¶ò,,,,,,,,,,,,,,,,,,,,,,,,,,,,,,,,,,,,,,,,,,,,,,,,,,
,,,,,,,,,,,,,,,,,,,,,,,,,,,,,,,,,,,,,,,,,,,,,,,,,,,,,,,,,,,,,,,,,,,,,,,,,,,,,,,,,,,,,,,,,,,,
¶ô,¶õ,¶ö,¶÷,¶ø,¶ù,¶ú,¶û,¶ü,¶ý,¶þ,·¢,·£,·¤,·¥,·¦,·§,·¨,·©,·«,·¬,·­,·®,·°,·±,·²,·³,·´,·µ,·¶,··,·¸,·º,·»,·¼,·½,·¾,·¿,·À,·Â,·Ã,·Ä,·Å,·Æ,·Ç,·È,·É,·Ë,·Ì,·Í,¸¯,¸°,¸±,¸²,¸³,¸´,¸µ,,,,,,,,,,,,,,,,,,,,,,,,,,,,,,,,,,,,
,,,,,,,,,,,,,,,,,,,,,,,,,,,,,,,,,,,,,,,,,,,,,,,,,,,,,,,,,,,,,,,,,,,,,,,,,,,,,,,,,,,,,,,,,,,,
¸·,¸¸,¸¹,¸º,¸»,¸¼,¸½,¸¾,¸¿,¸À,¸Á,¸Â,¸Ã,¸Ä,¸Æ,¸Ç,¸È,¸É,¸Ê,¸Ë,¸Ì,¸Í,¸Î,¸Ð,¸Ñ,¸Ò,¸Ô,¸Õ,¸Ö,¸×,¸Ø,¸Ù,¸Ú,¸Û,¸Ü,¸Ý,¸ß,¸à,¸á,¸â,¸ã,¸ä,¸å,¸æ,¸è,¸é,¸ê,¸ë,¸ì,¸í,¸î,¹Í,¹Î,¹Ï,¹Ð,¹Ñ,¹Ò,¹Ó,¹Ô,¹Õ,¹Ö,¹×,¹Ø,,,,,,,,,,,,,,,,,,,,,,,,,,,,,,
,,,,,,,,,,,,,,,,,,,,,,,,,,,,,,,,,,,,,,,,,,,,,,,,,,,,,,,,,,,,,,,,,,,,,,,,,,,,,,,,,,,,,,,,,,,,
¹Ú,¹Û,¹Ü,¹Ý,¹Þ,¹ß,¹à,¹á,¹â,¹ã,¹ä,¹å,¹æ,¹ç,¹é,¹ê,¹ë,¹ì,¹í,¹î,¹ï,¹ð,¹ñ,¹ó,¹ô,¹õ,¹÷,¹ø,¹ù,¹ú,¹û,¹ü,¹ý,¹þ,º¡,º¢,º¤,º¥,º¦,º§,º¨,º©,ºª,º«,º¬,º®,º¯,º°,º±,º²,º³,º´,ºµ,º·,ºò,ºó,ºô,ºõ,ºö,º÷,ºø,ºù,ºú,ºû,,,,,,,,,,,,,,,,,,,,,,,,,,,,,
,,,,,,,,,,,,,,,,,,,,,,,,,,,,,,,,,,,,,,,,,,,,,,,,,,,,,,,,,,,,,,,,,,,,,,,,,,,,,,,,,,,,,,,,,,,,
ºý,ºþ,»¡,»¢,»£,»¤,»¥,»¦,»§,»¨,»ª,»«,»¬,»­,»®,»¯,»°,»±,»³,»´,»¶,»·,»¸,»¹,»º,»»,»¼,»½,»¿,»Á,»Â,»Ã,»Ä,»Å,»Æ,»à,»á,»â,»ã,»ä,»å,»æ,,,,,,,,,,,,,,,,,,,,,,,,,,,,,,,,,,,,,,,,,,,,,,,,,,,
,,,,,,,,,,,,,,,,,,,,,,,,,,,,,,,,,,,,,,,,,,,,,,,,,,,,,,,,,,,,,,,,,,,,,,,,,,,,,,,,,,,,,,,,,,,,
»è,»é,»ê,»ë,»ì,»í,»î,»ï,»ð,»ñ,»ò,»ó,»ô,»ö,»÷,»ø,»ù,»ú,»û,»ü,»ý,¼¡,¼¢,¼£,¼¤,¼¥,¼¦,¼§,¼©,¼ª,¼«,¼¬,¼®,¼¯,¼°,¼±,¼²,¼³,¼´,¼µ,¼¶,¼·,¼¸,¼¹,¼º,¼»,¼½,¼¾,¼¿,¼À,¼Á,¼Â,¼Ã,¼Ä,¼Æ,¼Ç,¼È,¼É,¼Ê,¼Ë,¼Ì,¼Í,¼Ï,¼Ð,¼Ñ,½Ä,½Å,½Æ,½Ç,½È,½É,½Ê,½Ë,½Ì,½Í,,,,,,,,,,,,,,,,,,
,,,,,,,,,,,,,,,,,,,,,,,,,,,,,,,,,,,,,,,,,,,,,,,,,,,,,,,,,,,,,,,,,,,,,,,,,,,,,,,,,,,,,,,,,,,,
½Ï,½Ð,½Ñ,½Ò,½Ó,½Ô,½Õ,½Ö,½×,½Ù,½Ú,½Û,½Ü,½Ý,½Þ,½ß,½à,½â,½ã,½ä,½å,½æ,½ç,½è,½é,½ë,½ì,½í,¾¿,¾À,¾Á,¾Â,¾Ã,¾Ä,¾Å,,,,,,,,,,,,,,,,,,,,,,,,,,,,,,,,,,,,,,,,,,,,,,,,,,,,,,,,,,
,,,,,,,,,,,,,,,,,,,,,,,,,,,,,,,,,,,,,,,,,,,,,,,,,,,,,,,,,,,,,,,,,,,,,,,,,,,,,,,,,,,,,,,,,,,,
¾Ç,¾È,¾É,¾Ê,¾Ë,¾Ì,¾Í,¾Î,¾Ï,¾Ð,¾Ñ,¾Ò,¾Ó,¾Ô,¾Õ,¾×,¾Ø,¾Ù,¾Ú,¾Û,¾Ü,¾Ý,¾Þ,¾à,¾á,¾â,¾ã,¾ä,¾å,¾æ,¾ç,¾è,¾é,¾ë,¾ì,¾í,¾ï,¾ð,¾ñ,¾ò,¾ó,¾ô,¾õ,¾ö,¾÷,¾ø,¾ù,¾ú,¾û,¾ü,¾ý,¾þ,¿¢,¿£,¿¤,¿¥,¿¦,¿§,¿¨,¿ª,¿«,¿¬,¿­,¿®,¿¯,¿°,¿±,¿²,¿³,¿´,¿µ,¿¶,¿·,¿¸,¿º,¿»,¿¼,¿½,¿¾,¿¿,ÀÍ,ÀÎ,ÀÏ,ÀÐ,ÀÑ,ÀÒ,ÀÓ,ÀÔ,ÀÕ,ÀÖ,À×,ÀØ,ÀÙ
,,,,,,,,,,,,,,,,,,,,,,,,,,,,,,,,,,,,,,,,,,,,,,,,,,,,,,,,,,,,,,,,,,,,,,,,,,,,,,,,,,,,,,,,,,,,
ÀÛ,ÀÜ,ÀÝ,ÀÞ,Àß,Àà,Àá,Àâ,Àã,Àä,Àå,Àæ,Àè,Àé,Àê,Àë,Àì,Àí,Àî,Àï,Àñ,Àò,Àó,Àô,Àõ,Àö,Àø,Àù,Àû,Àü,Àý,Àþ,Á¡,Á¢,Á£,Á¤,Á¥,Á§,Á¨,Á©,Áª,Á«,Á¬,Á­,Á¯,Á°,Á±,Á²,Á³,Á´,Á÷,Áø,Áù,Áú,Áû,Áü,Áý,Áþ,Â¡,Â¢,Â£,Â¤,,,,,,,,,,,,,,,,,,,,,,,,,,,,,,,
,,,,,,,,,,,,,,,,,,,,,,,,,,,,,,,,,,,,,,,,,,,,,,,,,,,,,,,,,,,,,,,,,,,,,,,,,,,,,,,,,,,,,,,,,,,,
Â¦,Â§,Â¨,Â©,Âª,Â«,Â¬,Â­,Â®,Â¯,Â±,Â²,Â³,Â´,Âµ,Â¶,Â·,Â¸,Âº,Â»,Â½,Â¾,Â¿,ÂÀ,ÂÁ,ÂÂ,ÂÃ,ÂÄ,ÂÆ,ÂÈ,Âï,Âð,Âñ,Âò,Âó,Âô,Âõ,Âö,,,,,,,,,,,,,,,,,,,,,,,,,,,,,,,,,,,,,,,,,,,,,,,,,,,,,,,
,,,,,,,,,,,,,,,,,,,,,,,,,,,,,,,,,,,,,,,,,,,,,,,,,,,,,,,,,,,,,,,,,,,,,,,,,,,,,,,,,,,,,,,,,,,,
Âø,Âù,Âú,Âû,Âü,Âý,Âþ,Ã¡,Ã¢,Ã£,Ã¥,Ã¦,Ã§,Ã¨,Ã©,Ãª,Ã«,Ã¬,Ã®,Ã¯,Ã°,Ã±,Ã²,Ã´,Ãµ,Ã¶,Ã·,Ã¸,Ã¹,Ãº,Ã»,Ã½,Ã¾,Ã¿,ÃÀ,ÃÁ,ÃÂ,ÃÃ,ÃÅ,ÃÆ,ÃÈ,ÃÉ,Ä¢,Ä£,Ä¤,Ä¥,Ä¦,Ä§,Ä¨,Ä©,Äª,,,,,,,,,,,,,,,,,,,,,,,,,,,,,,,,,,,,,,,,,,
,,,,,,,,,,,,,,,,,,,,,,,,,,,,,,,,,,,,,,,,,,,,,,,,,,,,,,,,,,,,,,,,,,,,,,,,,,,,,,,,,,,,,,,,,,,,
Ä¬,Ä­,Ä®,Ä¯,Ä°,Ä±,Ä²,Ä´,Äµ,Ä¶,Ä·,Ä¸,Ä¹,Äº,Ä»,Ä½,Ä¾,ÄÀ,ÄÁ,ÄÂ,ÄÃ,ÄÄ,ÄÅ,ÄÆ,ÄÇ,ÄÈ,ÄÊ,ÄË,ÄÌ,ÄÍ,ÄÎ,ÄÏ,ÄÐ,ÄÒ,ÄÓ,ÄÔ,ÄÕ,ÄÖ,Ä×,ÄØ,Å±,Å²,Å³,Å´,Åµ,Å¶,Å·,,,,,,,,,,,,,,,,,,,,,,,,,,,,,,,,,,,,,,,,,,,,,,
,,,,,,,,,,,,,,,,,,,,,,,,,,,,,,,,,,,,,,,,,,,,,,,,,,,,,,,,,,,,,,,,,,,,,,,,,,,,,,,,,,,,,,,,,,,,
Å¹,Åº,Å»,Å¼,Å½,Å¾,Å¿,ÅÀ,ÅÁ,ÅÃ,ÅÄ,ÅÅ,ÅÆ,ÅÇ,ÅÈ,ÅÉ,ÅÊ,ÅÌ,ÅÎ,ÅÏ,ÅÐ,ÅÑ,ÅÒ,ÅÓ,ÅÔ,ÅÕ,ÅÖ,ÅØ,ÅÙ,ÅÚ,ÅÛ,ÅÜ,ÅÝ,ÅÞ,Åà,Åá,Åã,Æ½,Æ¾,Æ¿,ÆÀ,ÆÁ,ÆÂ,ÆÃ,,,,,,,,,,,,,,,,,,,,,,,,,,,,,,,,,,,,,,,,,,,,,,,,,
,,,,,,,,,,,,,,,,,,,,,,,,,,,,,,,,,,,,,,,,,,,,,,,,,,,,,,,,,,,,,,,,,,,,,,,,,,,,,,,,,,,,,,,,,,,,
ÆÅ,ÆÆ,ÆÇ,ÆÈ,ÆÉ,ÆÊ,ÆË,ÆÌ,ÆÍ,ÆÎ,ÆÏ,ÆÑ,ÆÒ,ÆÓ,ÆÔ,ÆÕ,ÆÖ,Æ×,ÆØ,ÆÚ,ÆÜ,ÆÝ,ÆÞ,Æß,Æà,Æá,Æâ,Æã,Æå,Ææ,Æç,Æè,Æé,Æê,Æë,Æí,Æî,Æï,Æð,Æñ,Æò,Æô,Æõ,Æö,ÇÈ,ÇÉ,ÇÊ,ÇË,ÇÌ,ÇÍ,ÇÎ,,,,,,,,,,,,,,,,,,,,,,,,,,,,,,,,,,,,,,,,,,
,,,,,,,,,,,,,,,,,,,,,,,,,,,,,,,,,,,,,,,,,,,,,,,,,,,,,,,,,,,,,,,,,,,,,,,,,,,,,,,,,,,,,,,,,,,,
ÇÐ,ÇÑ,ÇÒ,ÇÓ,ÇÔ,ÇÕ,ÇÖ,Ç×,ÇÙ,ÇÚ,ÇÛ,ÇÜ,ÇÝ,ÇÞ,Çß,Çà,Çâ,Çä,Çå,Çæ,Çç,Çè,Çé,Çê,Çë,Çí,Çî,Çï,Çð,Çñ,Çò,Çó,Çõ,Çö,Ç÷,Çø,Çù,Çú,Çû,Çü,Çþ,È¡,È¢,Èø,Èù,Èú,Èû,Èü,Èý,Èþ,,,,,,,,,,,,,,,,,,,,,,,,,,,,,,,,,,,,,,,,,,,
,,,,,,,,,,,,,,,,,,,,,,,,,,,,,,,,,,,,,,,,,,,,,,,,,,,,,,,,,,,,,,,,,,,,,,,,,,,,,,,,,,,,,,,,,,,,
=,=,=,=,=,=,=,=,=,=,=,=,=,=,=,=,=,=,=,=,=,=,=,=,=,=,=,=,=,=,=,=,=,=,=,=,=,=,=,=,,,,,,,,,,,,,,,,,,,,,,,,,,,,,,,,,,,,,,,,,,,,,,,,,,,,,
,,,,,,,,,,,,,,,,,,,,,,,,,,,,,,,,,,,,,,,,,,,,,,,,,,,,,,,,,,,,,,,,,,,,,,,,,,,,,,,,,,,,,,,,,,,,
¤Ç,¤Ë,¤Ì,¤Ð,¤Ñ,,¤¯,¤®,¤­,¤¦,¤°,,,,,,,,,,,,,,,,,,,,,,,,,,,,,,,,,,,,,,,,,,,,,,,,,,,,,,,,,,,,,,,,,,,,,,,,,,,,,,,,,,
,,,,,,,,,,,,,,,,,,,,,,,,,,,,,,,,,,,,,,,,,,,,,,,,,,,,,,,,,,,,,,,,,,,,,,,,,,,,,,,,,,,,,,,,,,,,
°î,°ï,°ð,°ñ,°ò,°ó,°ô,°õ,°ö,°÷,°ø,°ù,±´,±µ,±¶,±·,±¹,±º,±»,±¼,±½,±¾,±¿,±À,±Á,±Â,±Ã,±Ä,±Õ,±Ö,±Ø,±Ù,±Ú,±Û,±Ü,±Ý,±Þ,±ß,±à,,,,,,,,,,,,,,,,,,,,,,,,,,,,,,,,,,,,,,,,,,,,,,,,,,,,,,
,,,,,,,,,,,,,,,,,,,,,,,,,,,,,,,,,,,,,,,,,,,,,,,,,,,,,,,,,,,,,,,,,,,,,,,,,,,,,,,,,,,,,,,,,,,,
²À,²Á,²Â,²Ã,²Ä,²Å,²Æ,²Ç,²È,²É,²Ú,²Û,²Ü,²Ý,²Þ,²ß,²à,²á,²â,²õ,²ö,²÷,²ø,²ù,²ú,²û,²ü,²ý,²þ,³¡,,,,,,,,,,,,,,,,,,,,,,,,,,,,,,,,,,,,,,,,,,,,,,,,,,,,,,,,,,,,,,,
,,,,,,,,,,,,,,,,,,,,,,,,,,,,,,,,,,,,,,,,,,,,,,,,,,,,,,,,,,,,,,,,,,,,,,,,,,,,,,,,,,,,,,,,,,,,
³ì,³í,³î,³ï,³ð,³ñ,³ò,³ó,³ô,³õ,´£,´¤,´¥,´¦,´§,´¨,´ª,´«,´¬,´­,´®,´¯,´°,´±,´»,´¼,´½,´¾,´¿,´Á,´Â,´Ã,´Ä,´Å,´Æ,´Ç,´È,´É,´Ê,´Ë,,,,,,,,,,,,,,,,,,,,,,,,,,,,,,,,,,,,,,,,,,,,,,,,,,,,,
,,,,,,,,,,,,,,,,,,,,,,,,,,,,,,,,,,,,,,,,,,,,,,,,,,,,,,,,,,,,,,,,,,,,,,,,,,,,,,,,,,,,,,,,,,,,
µ¶,µ·,µ¸,µ¹,µº,µ»,µ¼,µ½,µ¾,µ¿,µÀ,µÁ,µÏ,µÐ,µÑ,µÒ,µÓ,µÔ,µÕ,µá,µâ,µã,µä,µæ,µç,µè,µé,µê,µë,µì,µí,µî,,,,,,,,,,,,,,,,,,,,,,,,,,,,,,,,,,,,,,,,,,,,,,,,,,,,,,,,,,,,,
,,,,,,,,,,,,,,,,,,,,,,,,,,,,,,,,,,,,,,,,,,,,,,,,,,,,,,,,,,,,,,,,,,,,,,,,,,,,,,,,,,,,,,,,,,,,
¶È,¶É,¶Ê,¶Ë,¶Ò,¶Ó,¶Ô,¶Õ,¶Ö,¶×,¶à,¶á,¶â,¶ã,¶ä,¶å,¶æ,,,,,,,,,,,,,,,,,,,,,,,,,,,,,,,,,,,,,,,,,,,,,,,,,,,,,,,,,,,,,,,,,,,,,,,,,,,,
,,,,,,,,,,,,,,,,,,,,,,,,,,,,,,,,,,,,,,,,,,,,,,,,,,,,,,,,,,,,,,,,,,,,,,,,,,,,,,,,,,,,,,,,,,,,
·Ï,·Ð,·Ñ,·Ò,·Ó,·Ô,·Õ,·â,·ã,·ä,·å,·æ,·è,·é,·ê,·ë,·ì,·í,·î,·ú,·û,·ü,·ý,·þ,¸¡,¸¢,¸¤,¸¥,¸¦,¸§,¸¨,¸©,¸ª,¸«,¸¬,¸­,,,,,,,,,,,,,,,,,,,,,,,,,,,,,,,,,,,,,,,,,,,,,,,,,,,,,,,,,
,,,,,,,,,,,,,,,,,,,,,,,,,,,,,,,,,,,,,,,,,,,,,,,,,,,,,,,,,,,,,,,,,,,,,,,,,,,,,,,,,,,,,,,,,,,,
¸ñ,¸ò,¸ó,¸ô,¸õ,¸ö,¸÷,¸ø,¸ù,¹§,¹¨,¹©,¹ª,¹¬,¹­,¹®,¹¯,¹°,¹±,¹²,¹³,¹´,¹µ,¹¶,¹·,¹¸,¹Ã,¹Ä,¹Å,¹Æ,¹È,¹É,¹Ê,¹Ë,,,,,,,,,,,,,,,,,,,,,,,,,,,,,,,,,,,,,,,,,,,,,,,,,,,,,,,,,,,
,,,,,,,,,,,,,,,,,,,,,,,,,,,,,,,,,,,,,,,,,,,,,,,,,,,,,,,,,,,,,,,,,,,,,,,,,,,,,,,,,,,,,,,,,,,,
º¹,ºº,º»,º¼,º½,º¾,º¿,ºÀ,ºÍ,ºÏ,ºÐ,ºÑ,ºÒ,ºÓ,ºÔ,ºÕ,ºÖ,º×,ºØ,ºÙ,ºÚ,ºå,ºæ,ºç,ºè,ºé,ºë,ºì,ºí,ºî,ºï,ºð,,,,,,,,,,,,,,,,,,,,,,,,,,,,,,,,,,,,,,,,,,,,,,,,,,,,,,,,,,,,,
,,,,,,,,,,,,,,,,,,,,,,,,,,,,,,,,,,,,,,,,,,,,,,,,,,,,,,,,,,,,,,,,,,,,,,,,,,,,,,,,,,,,,,,,,,,,
»È,»É,»Ê,»Ë,»Ì,»Í,»Ð,»Ò,»Ó,»Ô,»Õ,»Ö,»×,»Ù,»Û,»Ü,»Ý,»Þ,,,,,,,,,,,,,,,,,,,,,,,,,,,,,,,,,,,,,,,,,,,,,,,,,,,,,,,,,,,,,,,,,,,,,,,,,,,
,,,,,,,,,,,,,,,,,,,,,,,,,,,,,,,,,,,,,,,,,,,,,,,,,,,,,,,,,,,,,,,,,,,,,,,,,,,,,,,,,,,,,,,,,,,,
¼Ó,¼Ô,¼Õ,¼Ö,¼×,¼Ø,¼Ù,¼Ú,¼Û,¼Ü,¼ï,¼ð,¼ñ,¼ò,¼ó,¼ô,¼õ,¼÷,¼ø,¼ù,¼ú,¼û,¼ü,¼ý,¼þ,½¡,½¢,½£,½µ,½¶,½·,½¸,½¹,½»,½¼,½½,½¾,½¿,½À,½Á,½Â,,,,,,,,,,,,,,,,,,,,,,,,,,,,,,,,,,,,,,,,,,,,,,,,,,,,
,,,,,,,,,,,,,,,,,,,,,,,,,,,,,,,,,,,,,,,,,,,,,,,,,,,,,,,,,,,,,,,,,,,,,,,,,,,,,,,,,,,,,,,,,,,,
½ï,½ð,½ñ,½ò,½ó,½ô,½õ,½ö,¾¦,¾§,¾¨,¾©,¾ª,¾«,¾±,¾³,¾´,¾µ,¾¶,¾·,¾¸,¾¹,,,,,,,,,,,,,,,,,,,,,,,,,,,,,,,,,,,,,,,,,,,,,,,,,,,,,,,,,,,,,,,,,,,,,,,
,,,,,,,,,,,,,,,,,,,,,,,,,,,,,,,,,,,,,,,,,,,,,,,,,,,,,,,,,,,,,,,,,,,,,,,,,,,,,,,,,,,,,,,,,,,,
¿Á,¿Â,¿Ã,¿Ä,¿Å,¿Æ,¿Ç,¿È,¿É,¿Ê,¿Ë,¿Ì,¿å,¿æ,¿ç,¿è,¿é,¿ê,¿ë,¿í,¿î,¿ï,¿ð,¿ñ,¿ò,¿ó,¿ô,¿õ,À°,À±,À²,À³,À´,Àµ,À¶,À·,À¹,Àº,À»,À¼,À½,À¾,À¿,ÀÀ,ÀÁ,ÀÂ,ÀÃ,ÀÄ,ÀÅ,ÀÆ,,,,,,,,,,,,,,,,,,,,,,,,,,,,,,,,,,,,,,,,,,,
,,,,,,,,,,,,,,,,,,,,,,,,,,,,,,,,,,,,,,,,,,,,,,,,,,,,,,,,,,,,,,,,,,,,,,,,,,,,,,,,,,,,,,,,,,,,
Á·,Á¸,Á¹,Áº,Á»,Á¼,Á½,Á¾,Á¿,ÁÀ,ÁÁ,ÁÓ,ÁÔ,ÁÕ,Á×,ÁØ,ÁÙ,ÁÚ,ÁÛ,ÁÜ,ÁÝ,ÁÞ,Áß,Áë,Áì,Áí,Áï,Áð,Áñ,Áò,Áó,Áô,Áõ,,,,,,,,,,,,,,,,,,,,,,,,,,,,,,,,,,,,,,,,,,,,,,,,,,,,,,,,,,,,
,,,,,,,,,,,,,,,,,,,,,,,,,,,,,,,,,,,,,,,,,,,,,,,,,,,,,,,,,,,,,,,,,,,,,,,,,,,,,,,,,,,,,,,,,,,,
ÂÊ,ÂË,ÂÌ,ÂÍ,ÂÎ,ÂÏ,ÂÐ,ÂÑ,ÂÝ,Âß,Âà,Âá,Ââ,Âã,Âä,Âë,Âì,Âí,,,,,,,,,,,,,,,,,,,,,,,,,,,,,,,,,,,,,,,,,,,,,,,,,,,,,,,,,,,,,,,,,,,,,,,,,,,
,,,,,,,,,,,,,,,,,,,,,,,,,,,,,,,,,,,,,,,,,,,,,,,,,,,,,,,,,,,,,,,,,,,,,,,,,,,,,,,,,,,,,,,,,,,,
ÃË,ÃÌ,ÃÍ,ÃÎ,ÃÏ,ÃÐ,ÃÑ,ÃÞ,Ãà,Ãá,Ãâ,Ãã,Ãä,Ãå,Ãæ,Ãó,Ãô,Ãõ,Ãö,Ãø,Ãù,Ãú,Ãû,Ãü,Ãý,Ãþ,,,,,,,,,,,,,,,,,,,,,,,,,,,,,,,,,,,,,,,,,,,,,,,,,,,,,,,,,,,,,,,,,,,
,,,,,,,,,,,,,,,,,,,,,,,,,,,,,,,,,,,,,,,,,,,,,,,,,,,,,,,,,,,,,,,,,,,,,,,,,,,,,,,,,,,,,,,,,,,,
ÄÛ,ÄÜ,ÄÝ,ÄÞ,Äß,Äà,Äá,Äî,Äï,Äð,Äñ,Äò,Äó,Äô,Å¦,Å§,Å¨,Åª,Å«,Å¬,Å­,Å®,Å¯,,,,,,,,,,,,,,,,,,,,,,,,,,,,,,,,,,,,,,,,,,,,,,,,,,,,,,,,,,,,,,,,,,,,,,
,,,,,,,,,,,,,,,,,,,,,,,,,,,,,,,,,,,,,,,,,,,,,,,,,,,,,,,,,,,,,,,,,,,,,,,,,,,,,,,,,,,,,,,,,,,,
Åå,Åæ,Åç,Åè,Åé,Åê,Åë,Åì,Åö,Å÷,Åø,Åù,Åú,Åû,Åü,Æª,Æ«,Æ¬,Æ­,Æ¯,Æ°,Æ±,Æ²,Æ³,Æ´,Æµ,Æ¶,,,,,,,,,,,,,,,,,,,,,,,,,,,,,,,,,,,,,,,,,,,,,,,,,,,,,,,,,,,,,,,,,,
,,,,,,,,,,,,,,,,,,,,,,,,,,,,,,,,,,,,,,,,,,,,,,,,,,,,,,,,,,,,,,,,,,,,,,,,,,,,,,,,,,,,,,,,,,,,
Æø,Æù,Æú,Æû,Æü,Æý,Æþ,Ç¦,Ç§,Ç¨,Ç©,Ç«,Ç¬,Ç­,Ç®,Ç¯,Ç°,Ç±,Ç²,Ç³,Ç¼,Ç½,Ç¾,Ç¿,ÇÀ,ÇÂ,ÇÃ,ÇÄ,ÇÅ,ÇÆ,,,,,,,,,,,,,,,,,,,,,,,,,,,,,,,,,,,,,,,,,,,,,,,,,,,,,,,,,,,,,,,
,,,,,,,,,,,,,,,,,,,,,,,,,,,,,,,,,,,,,,,,,,,,,,,,,,,,,,,,,,,,,,,,,,,,,,,,,,,,,,,,,,,,,,,,,,,,
È¤,È¥,È¦,È§,È¨,È©,Èª,È«,È¬,ÈÀ,ÈÁ,ÈÂ,ÈÃ,ÈÅ,ÈÆ,ÈÇ,ÈÈ,ÈÉ,ÈÊ,ÈË,Èß,Èà,Èá,Èâ,Èã,Èä,Èæ,Èç,Èè,Èé,Èê,Èë,Èì,Èí,Èî,Èï,Èð,,,,,,,,,,,,,,,,,,,,,,,,,,,,,,,,,,,,,,,,,,,,,,,,,,,,,,,,
,,,,,,,,,,,,,,,,,,,,,,,,,,,,,,,,,,,,,,,,,,,,,,,,,,,,,,,,,,,,,,,,,,,,,,,,,,,,,,,,,,,,,,,,,,,,
=,=,=,=,=,=,=,=,=,=,=,=,=,=,=,=,=,=,=,=,=,=,=,=,=,=,=,=,=,=,=,=,=,=,=,=,=,=,=,=,,,,,,,,,,,,,,,,,,,,,,,,,,,,,,,,,,,,,,,,,,,,,,,,,,,,,
,,,,,,,,,,,,,,,,,,,,,,,,,,,,,,,,,,,,,,,,,,,,,,,,,,,,,,,,,,,,,,,,,,,,,,,,,,,,,,,,,,,,,,,,,,,,
¤È,¤É,¤Ê,¤Í,¤Î,¤Ï,¤Ò,,,,,,,,,,,,,,,,,,,,,,,,,,,,,,,,,,,,,,,,,,,,,,,,,,,,,,,,,,,,,,,,,,,,,,,,,,,,,,,,,,,,,,
,,,,,,,,,,,,,,,,,,,,,,,,,,,,,,,,,,,,,,,,,,,,,,,,,,,,,,,,,,,,,,,,,,,,,,,,,,,,,,,,,,,,,,,,,,,,
°û,°ü,°ý,°þ,±¡,±¢,±£,±¤,±¦,±§,±¨,±©,±ª,±¬,±­,±®,±¯,±°,±±,±²,±Æ,±Ç,±È,±É,±Ê,±Ì,±Î,±Ï,±Ð,±Ñ,±Ò,±Ó,,,,,,,,,,,,,,,,,,,,,,,,,,,,,,,,,,,,,,,,,,,,,,,,,,,,,,,,,,,,,
,,,,,,,,,,,,,,,,,,,,,,,,,,,,,,,,,,,,,,,,,,,,,,,,,,,,,,,,,,,,,,,,,,,,,,,,,,,,,,,,,,,,,,,,,,,,
²Ë,²Ì,²Í,²Î,²Ð,²Ñ,²Ó,²Ô,²Õ,²Ö,²×,²ä,²å,²æ,²è,²é,²ê,²ë,²ì,²í,²ï,²ð,²ñ,²ò,,,,,,,,,,,,,,,,,,,,,,,,,,,,,,,,,,,,,,,,,,,,,,,,,,,,,,,,,,,,,,,,,,,,,
,,,,,,,,,,,,,,,,,,,,,,,,,,,,,,,,,,,,,,,,,,,,,,,,,,,,,,,,,,,,,,,,,,,,,,,,,,,,,,,,,,,,,,,,,,,,
³÷,³ø,³ù,³û,³ü,³ý,³þ,´¡,´³,´¶,´·,´¸,´¹,´Í,´Î,,,,,,,,,,,,,,,,,,,,,,,,,,,,,,,,,,,,,,,,,,,,,,,,,,,,,,,,,,,,,,,,,,,,,,,,,,,,,,
,,,,,,,,,,,,,,,,,,,,,,,,,,,,,,,,,,,,,,,,,,,,,,,,,,,,,,,,,,,,,,,,,,,,,,,,,,,,,,,,,,,,,,,,,,,,
µÃ,µÄ,µÆ,µÈ,µÉ,µÊ,µË,µÌ,µ×,µÙ,µÛ,µÜ,µÝ,µÞ,µß,,,,,,,,,,,,,,,,,,,,,,,,,,,,,,,,,,,,,,,,,,,,,,,,,,,,,,,,,,,,,,,,,,,,,,,,,,,,,,
,,,,,,,,,,,,,,,,,,,,,,,,,,,,,,,,,,,,,,,,,,,,,,,,,,,,,,,,,,,,,,,,,,,,,,,,,,,,,,,,,,,,,,,,,,,,
¶Í,¶Ð,¶Ú,¶Û,¶Ü,¶Ý,¶Þ,¶è,¶é,¶ê,¶ë,,,,,,,,,,,,,,,,,,,,,,,,,,,,,,,,,,,,,,,,,,,,,,,,,,,,,,,,,,,,,,,,,,,,,,,,,,,,,,,,,,
,,,,,,,,,,,,,,,,,,,,,,,,,,,,,,,,,,,,,,,,,,,,,,,,,,,,,,,,,,,,,,,,,,,,,,,,,,,,,,,,,,,,,,,,,,,,
·×,·Ø,·Ù,·Û,·Ü,·Ý,·Þ,·ß,·à,·ð,·ó,·ô,·õ,·ö,·÷,·ø,,,,,,,,,,,,,,,,,,,,,,,,,,,,,,,,,,,,,,,,,,,,,,,,,,,,,,,,,,,,,,,,,,,,,,,,,,,,,
,,,,,,,,,,,,,,,,,,,,,,,,,,,,,,,,,,,,,,,,,,,,,,,,,,,,,,,,,,,,,,,,,,,,,,,,,,,,,,,,,,,,,,,,,,,,
¸û,¸ü,¸ý,¹¡,¹¢,¹£,¹¤,¹¥,¹º,¹»,¹¼,¹½,¹À,¹Á,,,,,,,,,,,,,,,,,,,,,,,,,,,,,,,,,,,,,,,,,,,,,,,,,,,,,,,,,,,,,,,,,,,,,,,,,,,,,,,
,,,,,,,,,,,,,,,,,,,,,,,,,,,,,,,,,,,,,,,,,,,,,,,,,,,,,,,,,,,,,,,,,,,,,,,,,,,,,,,,,,,,,,,,,,,,
ºÂ,ºÃ,ºÅ,ºÇ,ºÈ,ºÉ,ºÊ,ºË,ºÜ,ºÝ,ºà,ºá,ºâ,ºã,,,,,,,,,,,,,,,,,,,,,,,,,,,,,,,,,,,,,,,,,,,,,,,,,,,,,,,,,,,,,,,,,,,,,,,,,,,,,,,
,,,,,,,,,,,,,,,,,,,,,,,,,,,,,,,,,,,,,,,,,,,,,,,,,,,,,,,,,,,,,,,,,,,,,,,,,,,,,,,,,,,,,,,,,,,,
,,,,,,,,,,,,,,,,,,,,,,,,,,,,,,,,,,,,,,,,,,,,,,,,,,,,,,,,,,,,,,,,,,,,,,,,,,,,,,,,,,,,,,,,,,,,
,,,,,,,,,,,,,,,,,,,,,,,,,,,,,,,,,,,,,,,,,,,,,,,,,,,,,,,,,,,,,,,,,,,,,,,,,,,,,,,,,,,,,,,,,,,,
¼Þ,¼ß,¼à,¼á,¼ã,¼ä,¼å,¼æ,¼ç,¼é,¼ê,¼ë,¼ì,¼í,½¥,½§,½¨,½©,½ª,½«,½­,½®,½¯,½°,½±,½²,½³,,,,,,,,,,,,,,,,,,,,,,,,,,,,,,,,,,,,,,,,,,,,,,,,,,,,,,,,,,,,,,,,,,
,,,,,,,,,,,,,,,,,,,,,,,,,,,,,,,,,,,,,,,,,,,,,,,,,,,,,,,,,,,,,,,,,,,,,,,,,,,,,,,,,,,,,,,,,,,,
½ø,½ù,½ú,½ü,½þ,¾¡,¾¢,¾£,¾­,¾°,¾»,¾¼,¾½,,,,,,,,,,,,,,,,,,,,,,,,,,,,,,,,,,,,,,,,,,,,,,,,,,,,,,,,,,,,,,,,,,,,,,,,,,,,,,,,
,,,,,,,,,,,,,,,,,,,,,,,,,,,,,,,,,,,,,,,,,,,,,,,,,,,,,,,,,,,,,,,,,,,,,,,,,,,,,,,,,,,,,,,,,,,,
¿Î,¿Ï,¿Ð,¿Ñ,¿Ò,¿Ó,¿Ô,¿Õ,¿×,¿Ø,¿Ù,¿Ú,¿Û,¿Ý,¿Þ,¿ß,¿à,¿á,¿â,¿ã,¿÷,¿ø,¿ù,¿ú,¿û,¿ü,¿ý,À¡,À¢,À£,À¤,À¥,À¦,À¨,À©,Àª,À«,À¬,À­,À®,ÀÈ,ÀÉ,ÀÊ,ÀË,,,,,,,,,,,,,,,,,,,,,,,,,,,,,,,,,,,,,,,,,,,,,,,,,
,,,,,,,,,,,,,,,,,,,,,,,,,,,,,,,,,,,,,,,,,,,,,,,,,,,,,,,,,,,,,,,,,,,,,,,,,,,,,,,,,,,,,,,,,,,,
ÁÃ,ÁÄ,ÁÅ,ÁÆ,ÁÇ,ÁÉ,ÁÊ,ÁÌ,ÁÍ,ÁÎ,ÁÏ,ÁÐ,ÁÑ,Áá,Áä,Áå,Áæ,Áç,Áè,Áé,,,,,,,,,,,,,,,,,,,,,,,,,,,,,,,,,,,,,,,,,,,,,,,,,,,,,,,,,,,,,,,,,,,,,,,,,
,,,,,,,,,,,,,,,,,,,,,,,,,,,,,,,,,,,,,,,,,,,,,,,,,,,,,,,,,,,,,,,,,,,,,,,,,,,,,,,,,,,,,,,,,,,,
ÂÓ,ÂÔ,ÂÕ,Â×,ÂÙ,ÂÚ,ÂÛ,ÂÜ,Âæ,Âç,,,,,,,,,,,,,,,,,,,,,,,,,,,,,,,,,,,,,,,,,,,,,,,,,,,,,,,,,,,,,,,,,,,,,,,,,,,,,,,,,,,
,,,,,,,,,,,,,,,,,,,,,,,,,,,,,,,,,,,,,,,,,,,,,,,,,,,,,,,,,,,,,,,,,,,,,,,,,,,,,,,,,,,,,,,,,,,,
ÃÓ,ÃÔ,ÃÕ,Ã×,ÃØ,ÃÙ,ÃÚ,ÃÛ,ÃÜ,Ãè,Ãê,Ãì,Ãí,Ãî,Ãï,Ãð,Ãñ,,,,,,,,,,,,,,,,,,,,,,,,,,,,,,,,,,,,,,,,,,,,,,,,,,,,,,,,,,,,,,,,,,,,,,,,,,,,
,,,,,,,,,,,,,,,,,,,,,,,,,,,,,,,,,,,,,,,,,,,,,,,,,,,,,,,,,,,,,,,,,,,,,,,,,,,,,,,,,,,,,,,,,,,,
Äã,Ää,Äå,Äæ,Äç,Äé,Äë,Äö,Ä÷,Äø,Äú,Äü,Äý,Äþ,Å¡,Å¢,Å£,Å¤,,,,,,,,,,,,,,,,,,,,,,,,,,,,,,,,,,,,,,,,,,,,,,,,,,,,,,,,,,,,,,,,,,,,,,,,,,,
,,,,,,,,,,,,,,,,,,,,,,,,,,,,,,,,,,,,,,,,,,,,,,,,,,,,,,,,,,,,,,,,,,,,,,,,,,,,,,,,,,,,,,,,,,,,
Åî,Åñ,Åò,Åó,Åþ,Æ£,Æ¤,Æ¥,Æ¦,Æ§,Æ¨,Æ¸,Æ¹,Æº,Æ»,,,,,,,,,,,,,,,,,,,,,,,,,,,,,,,,,,,,,,,,,,,,,,,,,,,,,,,,,,,,,,,,,,,,,,,,,,,,,,
,,,,,,,,,,,,,,,,,,,,,,,,,,,,,,,,,,,,,,,,,,,,,,,,,,,,,,,,,,,,,,,,,,,,,,,,,,,,,,,,,,,,,,,,,,,,
Ç¢,Ç¤,Çµ,Ç·,Ç¸,Ç¹,Çº,,,,,,,,,,,,,,,,,,,,,,,,,,,,,,,,,,,,,,,,,,,,,,,,,,,,,,,,,,,,,,,,,,,,,,,,,,,,,,,,,,,,,,
,,,,,,,,,,,,,,,,,,,,,,,,,,,,,,,,,,,,,,,,,,,,,,,,,,,,,,,,,,,,,,,,,,,,,,,,,,,,,,,,,,,,,,,,,,,,
È®,È¯,È°,È±,È²,È´,Èµ,È¶,È·,È¹,Èº,È»,È¼,È½,È¾,ÈÍ,ÈÎ,ÈÏ,ÈÐ,ÈÒ,ÈÓ,ÈÔ,ÈÕ,È×,ÈØ,ÈÙ,ÈÚ,ÈÛ,ÈÜ,ÈÝ,Èò,Èó,Èô,Èõ,Èö,,,,,,,,,,,,,,,,,,,,,,,,,,,,,,,,,,,,,,,,,,,,,,,,,,,,,,,,,,
,,,,,,,,,,,,,,,,,,,,,,,,,,,,,,,,,,,,,,,,,,,,,,,,,,,,,,,,,,,,,,,,,,,,,,,,,,,,,,,,,,,,,,,,,,,,
=,=,=,=,=,=,=,=,=,=,=,=,=,=,=,=,=,=,=,=,=,=,=,=,=,=,=,=,=,=,=,=,=,=,=,=,=,=,=,=,,,,,,,,,,,,,,,,,,,,,,,,,,,,,,,,,,,,,,,,,,,,,,,,,,,,,
